acct,period,voice_minutes,data_gb,outage_minutes
NB/0001,2025-10,2629,122.4,2
NB/0001,2025-11,2900,109.0,18
NB/0001,2025-12,2698,457.7,18
NB/0001,2026-01,2541,410.1,28
NB/0001,2026-02,2658,832.1,24
NB/0001,2026-03,3167,565.2,20
NB/0001,2026-04,3171,446.8,0
NB/0001,2026-05,2864,404.8,8
NB/0001,2026-06,3117,189.4,16
NB/0001,2026-07,3137,294.0,20
NB/0001,2026-08,2991,861.5,7
NB/0001,2026-09,3058,684.3,16
NB/0002,2025-10,11019,118.1,24
NB/0002,2025-11,12158,453.6,10
NB/0002,2025-12,12108,477.8,15
NB/0002,2026-01,9831,80.0,13
NB/0002,2026-02,11615,107.3,27
NB/0002,2026-03,10958,610.4,17
NB/0002,2026-04,12344,201.8,3
NB/0002,2026-05,12257,222.2,16
NB/0002,2026-06,10797,750.0,15
NB/0002,2026-07,10194,309.6,19
NB/0002,2026-08,10664,672.4,10
NB/0002,2026-09,10571,770.8,25
NB/0003,2025-10,6775,556.9,5
NB/0003,2025-11,5865,479.2,15
NB/0003,2025-12,6538,728.4,24
NB/0003,2026-01,6740,227.9,8
NB/0003,2026-02,6319,804.4,9
NB/0003,2026-03,6184,304.0,23
NB/0003,2026-04,6211,716.3,14
NB/0003,2026-05,6179,551.8,24
NB/0003,2026-06,6453,746.0,12
NB/0003,2026-07,5788,413.9,20
NB/0003,2026-08,7358,965.8,24
NB/0003,2026-09,6341,821.7,6
NB/0004,2025-10,7691,245.2,213
NB/0004,2025-11,6703,288.1,202
NB/0004,2025-12,6368,460.0,189
NB/0004,2026-01,5672,177.8,128
NB/0004,2026-02,5762,208.9,19
NB/0004,2026-03,5077,229.8,122
NB/0004,2026-04,5814,379.3,11
NB/0004,2026-05,5169,236.1,232
NB/0004,2026-06,4673,143.9,155
NB/0004,2026-07,4138,39.7,14
NB/0004,2026-08,3821,131.5,94
NB/0004,2026-09,3239,121.6,120
NB/0005,2025-10,5459,85.1,24
NB/0005,2025-11,5294,752.8,27
NB/0005,2025-12,4473,288.7,6
NB/0005,2026-01,5140,417.8,10
NB/0005,2026-02,5207,718.9,8
NB/0005,2026-03,5232,776.2,22
NB/0005,2026-04,4448,741.4,2
NB/0005,2026-05,5826,679.8,23
NB/0005,2026-06,4996,832.7,28
NB/0005,2026-07,5777,738.6,6
NB/0005,2026-08,4879,475.3,14
NB/0005,2026-09,5214,216.6,22
NB/0006,2025-10,8327,677.9,0
NB/0006,2025-11,8097,591.0,13
NB/0006,2025-12,8881,457.0,1
NB/0006,2026-01,10177,75.2,16
NB/0006,2026-02,8991,538.5,1
NB/0006,2026-03,10737,827.7,10
NB/0006,2026-04,10355,480.1,18
NB/0006,2026-05,9136,84.6,2
NB/0006,2026-06,9896,947.5,24
NB/0006,2026-07,8656,173.6,16
NB/0006,2026-08,10912,106.9,29
NB/0006,2026-09,9881,657.3,6
NB/0007,2025-10,3125,399.2,8
NB/0007,2025-11,2892,810.7,23
NB/0007,2025-12,2643,317.0,5
NB/0007,2026-01,3113,328.6,16
NB/0007,2026-02,3263,697.6,30
NB/0007,2026-03,2977,40.9,18
NB/0007,2026-04,2877,603.0,12
NB/0007,2026-05,2649,233.5,13
NB/0007,2026-06,2797,834.7,18
NB/0007,2026-07,3319,335.1,14
NB/0007,2026-08,3330,215.9,26
NB/0007,2026-09,3284,368.6,28
NB/0008,2025-10,17379,700.2,52
NB/0008,2025-11,18470,109.9,136
NB/0008,2025-12,20395,778.6,199
NB/0008,2026-01,17749,336.5,17
NB/0008,2026-02,19133,309.4,58
NB/0008,2026-03,21338,207.4,41
NB/0008,2026-04,20098,274.1,239
NB/0008,2026-05,23375,748.6,6
NB/0008,2026-06,18674,875.9,112
NB/0008,2026-07,18757,931.1,6
NB/0008,2026-08,20983,742.1,189
NB/0008,2026-09,19653,70.3,112
NB/0009,2025-10,12352,698.5,18
NB/0009,2025-11,15009,102.7,5
NB/0009,2025-12,13879,539.5,16
NB/0009,2026-01,12399,706.4,3
NB/0009,2026-02,15990,698.6,11
NB/0009,2026-03,15327,313.8,6
NB/0009,2026-04,13143,105.9,16
NB/0009,2026-05,13919,261.8,3
NB/0009,2026-06,16623,36.9,12
NB/0009,2026-07,16149,405.8,27
NB/0009,2026-08,13145,370.9,9
NB/0009,2026-09,16595,446.3,27
NB/0010,2025-10,9512,637.1,20
NB/0010,2025-11,10906,366.6,15
NB/0010,2025-12,9026,885.9,23
NB/0010,2026-01,11135,313.6,4
NB/0010,2026-02,11889,183.1,0
NB/0010,2026-03,9657,164.9,22
NB/0010,2026-04,10874,57.6,19
NB/0010,2026-05,12082,837.2,21
NB/0010,2026-06,10487,608.5,26
NB/0010,2026-07,10125,187.2,29
NB/0010,2026-08,11451,168.5,25
NB/0010,2026-09,12561,199.6,28
NB/0011,2025-10,4435,46.4,6
NB/0011,2025-11,3884,576.0,29
NB/0011,2025-12,4592,578.6,0
NB/0011,2026-01,4563,321.1,28
NB/0011,2026-02,4209,693.4,4
NB/0011,2026-03,4820,64.0,12
NB/0011,2026-04,4669,695.2,5
NB/0011,2026-05,3921,35.5,28
NB/0011,2026-06,4043,420.7,2
NB/0011,2026-07,3933,478.1,13
NB/0011,2026-08,4972,541.6,4
NB/0011,2026-09,5018,812.8,0
NB/0012,2025-10,10627,811.6,8
NB/0012,2025-11,9605,603.6,11
NB/0012,2025-12,12414,620.4,3
NB/0012,2026-01,10951,699.2,27
NB/0012,2026-02,11370,136.0,16
NB/0012,2026-03,9991,891.7,7
NB/0012,2026-04,11888,714.4,22
NB/0012,2026-05,11122,856.5,3
NB/0012,2026-06,10692,259.8,23
NB/0012,2026-07,12225,337.0,14
NB/0012,2026-08,12369,525.3,18
NB/0012,2026-09,13619,282.7,28
NB/0013,2025-10,4566,349.8,37
NB/0013,2025-11,4683,800.3,8
NB/0013,2025-12,4655,651.4,161
NB/0013,2026-01,3537,165.0,46
NB/0013,2026-02,3290,462.8,213
NB/0013,2026-03,3930,121.8,82
NB/0013,2026-04,2876,310.2,219
NB/0013,2026-05,2983,372.6,209
NB/0013,2026-06,3297,226.2,54
NB/0013,2026-07,2611,138.2,112
NB/0013,2026-08,2131,132.9,196
NB/0013,2026-09,2176,142.6,228
NB/0014,2025-10,6120,730.1,15
NB/0014,2025-11,7215,425.8,3
NB/0014,2025-12,7076,327.7,16
NB/0014,2026-01,6319,729.4,13
NB/0014,2026-02,7162,903.7,4
NB/0014,2026-03,6091,922.0,26
NB/0014,2026-04,6184,534.7,9
NB/0014,2026-05,6275,348.7,14
NB/0014,2026-06,6996,957.1,2
NB/0014,2026-07,8206,953.8,5
NB/0014,2026-08,7042,933.1,16
NB/0014,2026-09,6660,842.7,7
NB/0015,2025-10,952,675.2,134
NB/0015,2025-11,1024,145.9,220
NB/0015,2025-12,950,55.2,136
NB/0015,2026-01,853,189.4,135
NB/0015,2026-02,753,127.8,174
NB/0015,2026-03,706,433.6,158
NB/0015,2026-04,672,587.3,183
NB/0015,2026-05,609,551.9,156
NB/0015,2026-06,613,118.8,12
NB/0015,2026-07,655,470.3,75
NB/0015,2026-08,506,239.6,107
NB/0015,2026-09,526,194.3,34
NB/0016,2025-10,8781,241.2,17
NB/0016,2025-11,10959,205.7,23
NB/0016,2025-12,10894,881.4,1
NB/0016,2026-01,11454,147.8,15
NB/0016,2026-02,11782,720.6,25
NB/0016,2026-03,12396,925.0,12
NB/0016,2026-04,11890,623.9,12
NB/0016,2026-05,11356,255.5,11
NB/0016,2026-06,9719,937.2,8
NB/0016,2026-07,10045,406.9,23
NB/0016,2026-08,12179,936.1,4
NB/0016,2026-09,10454,161.3,8
NB/0017,2025-10,9581,123.2,9
NB/0017,2025-11,11424,706.0,19
NB/0017,2025-12,11355,613.2,9
NB/0017,2026-01,12685,511.2,19
NB/0017,2026-02,11519,85.2,24
NB/0017,2026-03,13243,336.4,8
NB/0017,2026-04,13508,59.4,26
NB/0017,2026-05,13426,127.6,14
NB/0017,2026-06,11858,181.7,22
NB/0017,2026-07,12943,783.8,24
NB/0017,2026-08,11578,528.1,2
NB/0017,2026-09,14326,611.5,19
NB/0018,2025-10,11419,768.0,15
NB/0018,2025-11,13766,876.3,13
NB/0018,2025-12,10948,114.8,24
NB/0018,2026-01,11910,676.9,8
NB/0018,2026-02,14438,606.8,10
NB/0018,2026-03,12685,793.7,11
NB/0018,2026-04,11481,115.5,25
NB/0018,2026-05,13189,573.0,7
NB/0018,2026-06,13735,654.2,3
NB/0018,2026-07,15507,814.3,15
NB/0018,2026-08,13865,832.6,12
NB/0018,2026-09,14181,872.4,21
NB/0019,2025-10,11245,114.9,214
NB/0019,2025-11,13475,816.6,147
NB/0019,2025-12,10306,783.6,61
NB/0019,2026-01,10617,520.1,231
NB/0019,2026-02,10753,590.0,183
NB/0019,2026-03,10493,244.2,201
NB/0019,2026-04,8961,297.8,221
NB/0019,2026-05,8531,550.8,208
NB/0019,2026-06,8537,405.0,110
NB/0019,2026-07,7533,23.4,145
NB/0019,2026-08,5893,287.4,84
NB/0019,2026-09,5160,373.6,205
NB/0020,2025-10,1527,767.5,64
NB/0020,2025-11,1382,627.3,90
NB/0020,2025-12,1664,243.6,114
NB/0020,2026-01,1597,314.7,178
NB/0020,2026-02,1705,261.7,203
NB/0020,2026-03,1347,537.0,221
NB/0020,2026-04,1536,321.5,102
NB/0020,2026-05,1645,756.8,44
NB/0020,2026-06,1702,835.8,85
NB/0020,2026-07,1488,538.1,206
NB/0020,2026-08,1730,242.3,212
NB/0020,2026-09,1493,915.2,23
NB/0021,2025-10,13030,457.5,47
NB/0021,2025-11,14124,188.0,219
NB/0021,2025-12,13197,295.7,206
NB/0021,2026-01,11515,287.4,40
NB/0021,2026-02,12565,243.2,28
NB/0021,2026-03,9390,219.9,129
NB/0021,2026-04,10243,359.3,193
NB/0021,2026-05,9134,114.8,158
NB/0021,2026-06,8769,116.9,23
NB/0021,2026-07,8074,453.7,169
NB/0021,2026-08,6705,125.9,183
NB/0021,2026-09,5914,149.1,34
NB/0022,2025-10,11562,861.3,26
NB/0022,2025-11,14751,729.9,19
NB/0022,2025-12,13666,94.2,7
NB/0022,2026-01,13283,57.6,17
NB/0022,2026-02,12235,929.3,0
NB/0022,2026-03,13756,790.9,7
NB/0022,2026-04,12847,231.9,20
NB/0022,2026-05,15353,158.3,9
NB/0022,2026-06,13083,41.3,19
NB/0022,2026-07,14232,442.8,17
NB/0022,2026-08,14657,571.9,13
NB/0022,2026-09,13194,528.7,12
NB/0023,2025-10,21612,881.6,191
NB/0023,2025-11,17072,685.1,93
NB/0023,2025-12,19006,226.7,94
NB/0023,2026-01,15783,709.3,60
NB/0023,2026-02,14649,267.4,177
NB/0023,2026-03,12925,582.6,179
NB/0023,2026-04,12520,345.6,32
NB/0023,2026-05,11058,537.8,129
NB/0023,2026-06,12339,294.7,26
NB/0023,2026-07,11627,303.4,184
NB/0023,2026-08,9237,318.9,141
NB/0023,2026-09,9549,97.7,68
NB/0024,2025-10,21267,425.0,112
NB/0024,2025-11,18335,383.7,43
NB/0024,2025-12,14892,373.2,166
NB/0024,2026-01,14239,277.0,222
NB/0024,2026-02,16410,60.9,90
NB/0024,2026-03,12598,489.5,145
NB/0024,2026-04,12515,566.3,7
NB/0024,2026-05,13360,293.7,180
NB/0024,2026-06,12509,82.4,101
NB/0024,2026-07,9716,229.8,137
NB/0024,2026-08,10229,144.1,59
NB/0024,2026-09,8874,355.9,104
NB/0025,2025-10,5643,882.6,18
NB/0025,2025-11,4984,26.2,19
NB/0025,2025-12,4615,697.6,18
NB/0025,2026-01,4768,906.5,19
NB/0025,2026-02,4723,399.4,5
NB/0025,2026-03,5870,250.9,19
NB/0025,2026-04,5994,944.3,26
NB/0025,2026-05,5057,632.9,15
NB/0025,2026-06,6031,336.9,3
NB/0025,2026-07,6458,572.4,30
NB/0025,2026-08,6068,801.2,12
NB/0025,2026-09,6142,157.5,10
NB/0026,2025-10,5708,332.5,22
NB/0026,2025-11,6423,244.2,2
NB/0026,2025-12,5998,380.7,7
NB/0026,2026-01,6392,607.2,2
NB/0026,2026-02,6430,708.9,16
NB/0026,2026-03,6325,833.5,1
NB/0026,2026-04,7881,76.4,11
NB/0026,2026-05,6107,23.0,16
NB/0026,2026-06,5989,332.2,9
NB/0026,2026-07,6077,890.0,18
NB/0026,2026-08,6877,89.2,5
NB/0026,2026-09,6536,628.7,5
NB/0027,2025-10,16513,323.8,27
NB/0027,2025-11,19218,157.7,11
NB/0027,2025-12,18806,820.6,22
NB/0027,2026-01,20506,720.3,16
NB/0027,2026-02,16782,770.3,0
NB/0027,2026-03,19632,885.2,28
NB/0027,2026-04,21746,898.7,25
NB/0027,2026-05,21813,901.8,3
NB/0027,2026-06,18597,193.1,16
NB/0027,2026-07,17698,117.5,6
NB/0027,2026-08,20456,987.4,29
NB/0027,2026-09,19044,466.3,21
NB/0028,2025-10,20292,710.0,30
NB/0028,2025-11,16495,513.0,10
NB/0028,2025-12,17391,147.3,30
NB/0028,2026-01,20820,191.3,12
NB/0028,2026-02,16554,74.5,29
NB/0028,2026-03,19264,800.5,21
NB/0028,2026-04,20781,803.9,3
NB/0028,2026-05,21808,107.0,20
NB/0028,2026-06,18859,522.8,18
NB/0028,2026-07,21337,522.2,24
NB/0028,2026-08,20584,216.5,10
NB/0028,2026-09,18245,768.0,9
NB/0029,2025-10,14053,351.8,125
NB/0029,2025-11,11782,106.2,143
NB/0029,2025-12,12960,325.9,127
NB/0029,2026-01,14114,593.5,197
NB/0029,2026-02,12214,54.8,212
NB/0029,2026-03,9359,639.9,78
NB/0029,2026-04,11319,474.7,146
NB/0029,2026-05,9525,379.6,189
NB/0029,2026-06,7504,26.8,77
NB/0029,2026-07,7683,181.3,137
NB/0029,2026-08,6263,373.2,223
NB/0029,2026-09,6381,210.3,217
NB/0030,2025-10,6358,619.4,1
NB/0030,2025-11,7194,107.9,30
NB/0030,2025-12,5858,219.3,10
NB/0030,2026-01,5695,205.2,6
NB/0030,2026-02,6736,581.8,1
NB/0030,2026-03,7502,211.4,22
NB/0030,2026-04,5948,292.1,28
NB/0030,2026-05,6257,787.5,26
NB/0030,2026-06,6501,189.9,12
NB/0030,2026-07,7590,378.4,26
NB/0030,2026-08,6771,172.9,19
NB/0030,2026-09,6503,675.2,28
NB/0031,2025-10,15131,645.0,28
NB/0031,2025-11,15047,202.3,28
NB/0031,2025-12,15315,840.6,13
NB/0031,2026-01,15629,397.6,13
NB/0031,2026-02,14378,792.0,6
NB/0031,2026-03,16504,472.1,19
NB/0031,2026-04,12981,667.2,1
NB/0031,2026-05,16263,444.3,21
NB/0031,2026-06,16384,88.6,3
NB/0031,2026-07,13841,887.2,15
NB/0031,2026-08,13736,541.8,5
NB/0031,2026-09,18054,272.7,21
NB/0032,2025-10,12673,272.1,27
NB/0032,2025-11,13971,116.6,3
NB/0032,2025-12,13383,815.3,6
NB/0032,2026-01,15839,523.4,15
NB/0032,2026-02,12825,495.1,1
NB/0032,2026-03,14092,122.0,7
NB/0032,2026-04,12370,383.2,2
NB/0032,2026-05,15638,780.7,7
NB/0032,2026-06,14350,374.1,23
NB/0032,2026-07,13184,594.4,1
NB/0032,2026-08,15630,509.5,6
NB/0032,2026-09,16249,730.3,1
NB/0033,2025-10,16348,154.4,27
NB/0033,2025-11,21941,839.5,11
NB/0033,2025-12,19298,829.6,1
NB/0033,2026-01,19069,159.4,9
NB/0033,2026-02,19936,226.9,20
NB/0033,2026-03,18252,629.0,14
NB/0033,2026-04,17397,432.1,26
NB/0033,2026-05,18915,519.1,17
NB/0033,2026-06,18567,541.6,10
NB/0033,2026-07,18086,678.6,13
NB/0033,2026-08,21165,38.9,23
NB/0033,2026-09,19139,933.4,11
NB/0034,2025-10,1570,111.3,7
NB/0034,2025-11,1513,23.2,1
NB/0034,2025-12,1963,710.4,3
NB/0034,2026-01,2005,711.4,1
NB/0034,2026-02,1864,88.5,20
NB/0034,2026-03,2026,461.2,18
NB/0034,2026-04,1945,284.7,19
NB/0034,2026-05,1818,878.5,7
NB/0034,2026-06,2003,603.8,11
NB/0034,2026-07,2193,632.5,15
NB/0034,2026-08,2178,170.2,17
NB/0034,2026-09,2174,240.8,9
NB/0035,2025-10,7076,361.8,8
NB/0035,2025-11,6994,347.3,0
NB/0035,2025-12,6207,289.6,1
NB/0035,2026-01,6322,664.8,17
NB/0035,2026-02,7143,924.6,4
NB/0035,2026-03,7189,347.1,30
NB/0035,2026-04,6399,845.4,14
NB/0035,2026-05,7113,439.4,12
NB/0035,2026-06,6636,342.6,21
NB/0035,2026-07,6566,715.6,6
NB/0035,2026-08,6313,711.8,18
NB/0035,2026-09,6264,875.5,21
NB/0036,2025-10,13898,502.4,195
NB/0036,2025-11,12820,332.3,78
NB/0036,2025-12,10207,129.9,27
NB/0036,2026-01,10682,355.3,231
NB/0036,2026-02,10917,561.3,159
NB/0036,2026-03,9060,146.6,86
NB/0036,2026-04,8820,110.5,98
NB/0036,2026-05,9122,260.0,113
NB/0036,2026-06,6381,121.0,145
NB/0036,2026-07,7166,143.3,190
NB/0036,2026-08,6540,348.5,164
NB/0036,2026-09,5419,318.6,50
NB/0037,2025-10,5292,432.4,27
NB/0037,2025-11,5884,698.0,15
NB/0037,2025-12,5239,857.9,19
NB/0037,2026-01,5651,589.9,1
NB/0037,2026-02,5953,741.0,2
NB/0037,2026-03,4889,871.2,27
NB/0037,2026-04,4989,816.5,10
NB/0037,2026-05,6570,357.3,23
NB/0037,2026-06,5256,224.0,26
NB/0037,2026-07,5154,619.6,10
NB/0037,2026-08,6130,823.8,15
NB/0037,2026-09,5742,193.4,9
NB/0038,2025-10,4171,160.6,28
NB/0038,2025-11,3459,389.2,17
NB/0038,2025-12,4381,388.1,17
NB/0038,2026-01,4001,446.2,8
NB/0038,2026-02,4204,847.8,3
NB/0038,2026-03,4213,156.5,14
NB/0038,2026-04,3564,57.9,28
NB/0038,2026-05,3946,378.6,5
NB/0038,2026-06,4462,578.7,26
NB/0038,2026-07,3997,444.7,18
NB/0038,2026-08,3805,887.4,15
NB/0038,2026-09,4814,575.8,28
NB/0039,2025-10,13335,800.1,2
NB/0039,2025-11,10611,574.8,21
NB/0039,2025-12,11486,154.6,29
NB/0039,2026-01,13027,626.9,30
NB/0039,2026-02,12585,288.4,25
NB/0039,2026-03,13859,97.8,19
NB/0039,2026-04,14119,482.7,19
NB/0039,2026-05,13907,414.7,5
NB/0039,2026-06,12055,261.8,16
NB/0039,2026-07,11844,521.0,29
NB/0039,2026-08,10966,330.4,5
NB/0039,2026-09,11177,255.5,9
NB/0040,2025-10,8981,401.0,10
NB/0040,2025-11,8074,850.9,168
NB/0040,2025-12,8105,81.6,141
NB/0040,2026-01,6662,669.3,237
NB/0040,2026-02,7568,533.2,4
NB/0040,2026-03,6435,146.8,120
NB/0040,2026-04,6154,36.2,172
NB/0040,2026-05,5520,227.6,93
NB/0040,2026-06,5970,462.7,200
NB/0040,2026-07,4902,353.3,33
NB/0040,2026-08,5166,326.4,141
NB/0040,2026-09,3726,120.5,21
NB/0041,2025-10,17155,94.6,21
NB/0041,2025-11,17302,785.9,28
NB/0041,2025-12,13743,748.1,25
NB/0041,2026-01,16932,240.8,5
NB/0041,2026-02,15248,161.7,25
NB/0041,2026-03,14740,101.7,2
NB/0041,2026-04,13778,33.7,25
NB/0041,2026-05,15530,877.2,2
NB/0041,2026-06,14762,616.7,27
NB/0041,2026-07,18950,627.1,10
NB/0041,2026-08,18204,124.4,3
NB/0041,2026-09,14664,157.7,29
NB/0042,2025-10,2861,652.1,2
NB/0042,2025-11,2715,723.8,7
NB/0042,2025-12,2942,664.0,12
NB/0042,2026-01,3078,500.4,15
NB/0042,2026-02,3598,669.0,15
NB/0042,2026-03,3421,192.9,9
NB/0042,2026-04,3581,573.2,27
NB/0042,2026-05,2935,195.5,0
NB/0042,2026-06,2981,947.5,8
NB/0042,2026-07,3075,541.7,6
NB/0042,2026-08,3683,702.4,2
NB/0042,2026-09,3178,851.1,24
NB/0043,2025-10,7154,579.1,18
NB/0043,2025-11,7550,386.6,20
NB/0043,2025-12,7597,403.2,26
NB/0043,2026-01,7817,238.8,0
NB/0043,2026-02,8664,906.8,8
NB/0043,2026-03,7810,170.0,1
NB/0043,2026-04,7331,342.3,23
NB/0043,2026-05,7394,732.9,13
NB/0043,2026-06,7514,748.1,22
NB/0043,2026-07,8536,959.1,21
NB/0043,2026-08,7675,591.3,29
NB/0043,2026-09,9935,704.1,19
NB/0044,2025-10,2713,659.9,10
NB/0044,2025-11,2644,679.9,15
NB/0044,2025-12,2605,289.9,15
NB/0044,2026-01,2584,926.2,6
NB/0044,2026-02,2538,176.9,22
NB/0044,2026-03,2667,450.6,14
NB/0044,2026-04,2669,763.9,30
NB/0044,2026-05,3247,457.9,28
NB/0044,2026-06,2839,166.7,23
NB/0044,2026-07,3114,424.3,0
NB/0044,2026-08,3251,785.0,12
NB/0044,2026-09,3383,639.7,12
NB/0045,2025-10,10662,716.4,169
NB/0045,2025-11,13300,145.3,47
NB/0045,2025-12,10280,31.0,120
NB/0045,2026-01,9496,269.3,5
NB/0045,2026-02,9978,127.5,212
NB/0045,2026-03,10640,377.6,58
NB/0045,2026-04,7925,387.8,127
NB/0045,2026-05,7950,554.9,40
NB/0045,2026-06,7461,363.5,90
NB/0045,2026-07,7816,43.4,82
NB/0045,2026-08,6627,277.4,36
NB/0045,2026-09,5171,382.6,205
NB/0046,2025-10,7400,31.4,78
NB/0046,2025-11,7495,302.1,79
NB/0046,2025-12,7209,357.8,31
NB/0046,2026-01,6644,413.2,87
NB/0046,2026-02,6482,584.2,221
NB/0046,2026-03,5058,388.1,121
NB/0046,2026-04,4617,289.4,106
NB/0046,2026-05,4558,553.3,176
NB/0046,2026-06,4190,472.3,80
NB/0046,2026-07,4342,447.5,121
NB/0046,2026-08,4122,254.2,147
NB/0046,2026-09,3717,285.5,230
NB/0047,2025-10,5316,707.8,18
NB/0047,2025-11,5377,223.7,18
NB/0047,2025-12,4914,750.4,7
NB/0047,2026-01,4788,446.4,0
NB/0047,2026-02,4580,826.8,12
NB/0047,2026-03,5265,597.2,2
NB/0047,2026-04,4988,452.8,28
NB/0047,2026-05,5576,923.7,8
NB/0047,2026-06,4383,391.9,6
NB/0047,2026-07,5529,286.7,4
NB/0047,2026-08,4921,774.9,15
NB/0047,2026-09,4784,640.6,10
NB/0048,2025-10,13355,444.6,4
NB/0048,2025-11,13337,870.5,15
NB/0048,2025-12,14220,563.2,17
NB/0048,2026-01,11407,755.4,6
NB/0048,2026-02,14394,567.7,3
NB/0048,2026-03,11994,77.0,28
NB/0048,2026-04,11719,766.4,9
NB/0048,2026-05,12038,375.4,22
NB/0048,2026-06,14399,32.0,8
NB/0048,2026-07,12088,305.8,0
NB/0048,2026-08,13995,760.0,2
NB/0048,2026-09,12976,780.0,4
NB/0049,2025-10,15707,508.6,19
NB/0049,2025-11,15031,299.4,29
NB/0049,2025-12,14389,268.1,22
NB/0049,2026-01,16088,278.7,18
NB/0049,2026-02,13987,895.8,3
NB/0049,2026-03,13758,322.7,15
NB/0049,2026-04,15412,315.3,23
NB/0049,2026-05,15588,45.4,13
NB/0049,2026-06,17064,397.5,10
NB/0049,2026-07,17057,751.3,20
NB/0049,2026-08,15565,569.5,18
NB/0049,2026-09,14479,522.0,23
NB/0050,2025-10,4816,835.7,4
NB/0050,2025-11,4360,484.8,30
NB/0050,2025-12,5232,102.9,11
NB/0050,2026-01,5669,327.1,13
NB/0050,2026-02,4778,84.5,12
NB/0050,2026-03,5130,505.8,20
NB/0050,2026-04,5554,669.1,17
NB/0050,2026-05,5658,788.2,14
NB/0050,2026-06,4674,746.5,27
NB/0050,2026-07,4877,251.3,20
NB/0050,2026-08,5595,45.4,20
NB/0050,2026-09,5901,242.5,1
NB/0051,2025-10,1723,224.7,4
NB/0051,2025-11,2159,142.6,10
NB/0051,2025-12,1817,699.0,21
NB/0051,2026-01,1877,483.1,9
NB/0051,2026-02,1952,633.7,22
NB/0051,2026-03,1925,83.8,6
NB/0051,2026-04,2048,216.0,18
NB/0051,2026-05,2008,350.4,2
NB/0051,2026-06,2082,371.5,28
NB/0051,2026-07,2253,402.8,4
NB/0051,2026-08,2092,907.9,23
NB/0051,2026-09,2165,281.7,11
NB/0052,2025-10,16662,754.6,193
NB/0052,2025-11,17974,317.5,83
NB/0052,2025-12,19684,372.8,166
NB/0052,2026-01,16613,46.7,154
NB/0052,2026-02,20445,635.7,197
NB/0052,2026-03,17589,191.8,10
NB/0052,2026-04,17657,120.8,238
NB/0052,2026-05,20517,209.9,145
NB/0052,2026-06,19935,305.4,176
NB/0052,2026-07,19773,872.3,209
NB/0052,2026-08,17845,470.9,165
NB/0052,2026-09,19860,575.9,226
NB/0053,2025-10,8023,41.0,0
NB/0053,2025-11,8102,181.0,10
NB/0053,2025-12,8155,870.2,12
NB/0053,2026-01,9627,435.6,12
NB/0053,2026-02,9397,172.0,15
NB/0053,2026-03,9151,572.4,25
NB/0053,2026-04,10651,820.9,7
NB/0053,2026-05,8193,122.4,0
NB/0053,2026-06,10471,610.2,27
NB/0053,2026-07,8155,284.8,0
NB/0053,2026-08,9076,391.2,18
NB/0053,2026-09,11079,117.2,11
NB/0054,2025-10,7885,874.4,23
NB/0054,2025-11,8492,87.8,13
NB/0054,2025-12,8061,287.4,1
NB/0054,2026-01,8711,294.4,8
NB/0054,2026-02,7755,874.0,25
NB/0054,2026-03,8919,132.2,20
NB/0054,2026-04,8595,657.2,0
NB/0054,2026-05,9006,899.0,5
NB/0054,2026-06,6970,103.4,7
NB/0054,2026-07,8124,872.1,22
NB/0054,2026-08,8453,283.4,22
NB/0054,2026-09,8545,84.0,22
NB/0055,2025-10,5051,369.8,12
NB/0055,2025-11,4791,462.3,26
NB/0055,2025-12,5575,177.5,0
NB/0055,2026-01,5819,60.5,2
NB/0055,2026-02,6535,822.9,22
NB/0055,2026-03,5419,463.8,25
NB/0055,2026-04,5445,647.3,30
NB/0055,2026-05,6569,242.5,14
NB/0055,2026-06,6520,968.0,1
NB/0055,2026-07,6694,823.1,13
NB/0055,2026-08,6182,702.5,25
NB/0055,2026-09,5636,851.0,1
NB/0056,2025-10,9484,546.3,116
NB/0056,2025-11,10297,474.3,95
NB/0056,2025-12,9322,312.0,141
NB/0056,2026-01,8507,256.9,163
NB/0056,2026-02,7546,138.5,102
NB/0056,2026-03,7131,664.1,196
NB/0056,2026-04,6490,515.6,192
NB/0056,2026-05,7178,399.5,104
NB/0056,2026-06,5684,239.9,154
NB/0056,2026-07,5035,77.6,236
NB/0056,2026-08,4734,215.3,192
NB/0056,2026-09,4501,278.4,227
NB/0057,2025-10,1811,828.1,20
NB/0057,2025-11,1715,323.9,20
NB/0057,2025-12,2132,163.5,25
NB/0057,2026-01,2001,906.4,25
NB/0057,2026-02,1802,655.2,2
NB/0057,2026-03,2189,834.8,16
NB/0057,2026-04,2041,505.9,18
NB/0057,2026-05,1731,901.3,21
NB/0057,2026-06,2325,724.6,21
NB/0057,2026-07,2202,343.0,3
NB/0057,2026-08,1981,831.7,11
NB/0057,2026-09,2140,408.0,21
NB/0058,2025-10,12244,329.0,13
NB/0058,2025-11,14265,898.3,7
NB/0058,2025-12,14213,427.6,26
NB/0058,2026-01,14573,703.4,22
NB/0058,2026-02,11822,747.1,16
NB/0058,2026-03,15302,478.6,29
NB/0058,2026-04,12354,907.5,7
NB/0058,2026-05,15404,306.6,6
NB/0058,2026-06,14622,113.4,26
NB/0058,2026-07,13223,37.4,9
NB/0058,2026-08,13036,201.8,24
NB/0058,2026-09,15645,87.7,14
NB/0059,2025-10,4294,334.6,12
NB/0059,2025-11,3788,551.3,10
NB/0059,2025-12,4333,207.5,13
NB/0059,2026-01,4690,854.1,20
NB/0059,2026-02,4730,59.1,15
NB/0059,2026-03,5277,483.0,11
NB/0059,2026-04,4005,674.7,27
NB/0059,2026-05,5125,730.3,24
NB/0059,2026-06,4176,676.0,19
NB/0059,2026-07,5340,932.2,21
NB/0059,2026-08,4822,48.5,1
NB/0059,2026-09,5558,763.6,2
NB/0060,2025-10,14865,101.0,7
NB/0060,2025-11,17311,656.2,29
NB/0060,2025-12,14385,361.4,10
NB/0060,2026-01,15258,912.5,1
NB/0060,2026-02,15814,526.6,22
NB/0060,2026-03,18657,221.1,13
NB/0060,2026-04,14954,659.1,18
NB/0060,2026-05,19054,756.6,29
NB/0060,2026-06,17377,87.3,5
NB/0060,2026-07,17312,690.5,12
NB/0060,2026-08,19262,540.5,23
NB/0060,2026-09,15413,594.3,22
NB/0061,2025-10,17385,814.0,9
NB/0061,2025-11,19473,55.6,19
NB/0061,2025-12,16881,118.8,4
NB/0061,2026-01,20478,90.2,15
NB/0061,2026-02,18054,26.0,24
NB/0061,2026-03,19646,625.2,5
NB/0061,2026-04,19988,62.1,5
NB/0061,2026-05,17104,836.4,18
NB/0061,2026-06,20778,239.0,14
NB/0061,2026-07,20758,931.2,3
NB/0061,2026-08,16883,156.8,23
NB/0061,2026-09,22128,613.4,0
NB/0062,2025-10,14837,719.0,13
NB/0062,2025-11,12845,487.0,22
NB/0062,2025-12,14553,508.2,13
NB/0062,2026-01,15179,273.4,17
NB/0062,2026-02,16385,82.1,2
NB/0062,2026-03,14487,897.6,11
NB/0062,2026-04,15626,494.2,7
NB/0062,2026-05,17833,845.8,3
NB/0062,2026-06,13752,103.7,5
NB/0062,2026-07,16991,449.7,17
NB/0062,2026-08,15719,276.6,2
NB/0062,2026-09,18818,663.2,18
NB/0063,2025-10,12422,55.0,6
NB/0063,2025-11,12681,138.6,22
NB/0063,2025-12,13852,354.2,16
NB/0063,2026-01,15712,122.8,21
NB/0063,2026-02,13577,506.3,9
NB/0063,2026-03,16425,147.6,29
NB/0063,2026-04,13738,469.3,6
NB/0063,2026-05,13620,468.4,15
NB/0063,2026-06,13863,185.5,17
NB/0063,2026-07,15917,541.1,25
NB/0063,2026-08,13456,667.7,27
NB/0063,2026-09,15631,863.4,2
NB/0064,2025-10,16216,888.9,18
NB/0064,2025-11,14672,577.4,13
NB/0064,2025-12,18154,345.1,7
NB/0064,2026-01,18273,389.0,24
NB/0064,2026-02,16454,817.6,24
NB/0064,2026-03,16423,199.0,23
NB/0064,2026-04,19333,385.7,19
NB/0064,2026-05,19026,233.0,29
NB/0064,2026-06,15493,606.0,25
NB/0064,2026-07,17656,411.7,27
NB/0064,2026-08,19128,174.3,19
NB/0064,2026-09,18043,507.8,2
NB/0065,2025-10,15119,387.2,17
NB/0065,2025-11,12980,812.7,4
NB/0065,2025-12,16199,56.3,8
NB/0065,2026-01,14636,441.6,25
NB/0065,2026-02,17496,333.3,26
NB/0065,2026-03,15577,323.2,9
NB/0065,2026-04,17219,459.5,15
NB/0065,2026-05,15170,841.7,22
NB/0065,2026-06,16280,554.0,21
NB/0065,2026-07,16506,655.8,18
NB/0065,2026-08,14390,348.3,22
NB/0065,2026-09,16244,356.7,16
NB/0066,2025-10,2371,256.0,8
NB/0066,2025-11,2878,548.5,7
NB/0066,2025-12,2466,833.5,29
NB/0066,2026-01,2432,194.0,9
NB/0066,2026-02,2418,327.4,21
NB/0066,2026-03,2618,264.9,13
NB/0066,2026-04,2853,196.9,19
NB/0066,2026-05,3062,152.5,24
NB/0066,2026-06,2923,202.1,21
NB/0066,2026-07,2676,542.4,10
NB/0066,2026-08,2568,469.9,16
NB/0066,2026-09,2565,730.0,28
NB/0067,2025-10,10467,201.0,25
NB/0067,2025-11,10556,320.1,28
NB/0067,2025-12,10704,466.5,7
NB/0067,2026-01,10014,670.5,29
NB/0067,2026-02,10665,512.6,4
NB/0067,2026-03,9776,87.6,3
NB/0067,2026-04,12143,779.7,12
NB/0067,2026-05,9151,199.3,29
NB/0067,2026-06,10055,492.1,29
NB/0067,2026-07,12567,581.6,8
NB/0067,2026-08,11091,429.0,8
NB/0067,2026-09,9652,440.0,15
NB/0068,2025-10,4012,360.5,3
NB/0068,2025-11,3640,129.4,24
NB/0068,2025-12,4494,69.3,27
NB/0068,2026-01,3625,118.0,17
NB/0068,2026-02,3910,738.2,29
NB/0068,2026-03,4552,412.1,1
NB/0068,2026-04,4786,549.7,0
NB/0068,2026-05,3819,941.2,23
NB/0068,2026-06,4072,430.1,7
NB/0068,2026-07,4035,600.8,24
NB/0068,2026-08,4134,556.9,26
NB/0068,2026-09,4130,44.6,18
NB/0069,2025-10,11734,171.2,211
NB/0069,2025-11,10602,501.7,4
NB/0069,2025-12,12608,102.2,189
NB/0069,2026-01,11587,903.5,207
NB/0069,2026-02,11266,108.4,216
NB/0069,2026-03,11101,244.6,156
NB/0069,2026-04,10374,183.1,56
NB/0069,2026-05,10869,24.4,171
NB/0069,2026-06,11073,572.5,153
NB/0069,2026-07,13100,449.8,59
NB/0069,2026-08,10531,101.4,182
NB/0069,2026-09,11872,169.1,227
NB/0070,2025-10,14475,680.6,0
NB/0070,2025-11,13392,261.7,28
NB/0070,2025-12,14054,412.3,28
NB/0070,2026-01,13587,312.5,15
NB/0070,2026-02,13652,375.8,14
NB/0070,2026-03,14192,365.6,22
NB/0070,2026-04,12123,801.9,21
NB/0070,2026-05,13500,763.4,6
NB/0070,2026-06,12948,357.3,8
NB/0070,2026-07,13200,300.6,7
NB/0070,2026-08,13886,871.6,30
NB/0070,2026-09,12463,935.8,7
NB/0071,2025-10,2581,724.1,12
NB/0071,2025-11,2702,339.7,0
NB/0071,2025-12,2664,670.4,29
NB/0071,2026-01,2636,417.0,11
NB/0071,2026-02,2501,356.3,8
NB/0071,2026-03,2732,176.7,27
NB/0071,2026-04,2847,503.6,16
NB/0071,2026-05,3063,817.9,12
NB/0071,2026-06,2713,744.6,2
NB/0071,2026-07,3032,174.1,19
NB/0071,2026-08,3049,70.5,2
NB/0071,2026-09,2929,271.4,4
NB/0072,2025-10,9019,403.6,27
NB/0072,2025-11,11480,223.8,9
NB/0072,2025-12,9277,80.3,27
NB/0072,2026-01,9135,67.9,20
NB/0072,2026-02,11402,818.7,27
NB/0072,2026-03,12016,183.6,17
NB/0072,2026-04,10616,416.0,5
NB/0072,2026-05,9957,782.0,6
NB/0072,2026-06,11250,94.8,24
NB/0072,2026-07,9698,805.7,5
NB/0072,2026-08,11229,776.1,17
NB/0072,2026-09,12095,728.6,4
NB/0073,2025-10,20317,236.2,2
NB/0073,2025-11,16192,162.6,69
NB/0073,2025-12,16251,34.4,129
NB/0073,2026-01,17098,311.6,42
NB/0073,2026-02,12439,125.8,33
NB/0073,2026-03,12445,416.9,94
NB/0073,2026-04,12869,186.0,62
NB/0073,2026-05,11532,419.2,182
NB/0073,2026-06,9976,350.0,193
NB/0073,2026-07,8533,486.7,34
NB/0073,2026-08,7645,212.7,204
NB/0073,2026-09,8069,307.7,140
NB/0074,2025-10,19480,802.1,119
NB/0074,2025-11,19732,807.6,90
NB/0074,2025-12,17828,475.4,214
NB/0074,2026-01,16665,579.2,134
NB/0074,2026-02,16506,133.5,219
NB/0074,2026-03,13680,546.2,52
NB/0074,2026-04,11135,626.7,215
NB/0074,2026-05,11140,358.7,105
NB/0074,2026-06,10559,170.1,6
NB/0074,2026-07,9474,107.2,4
NB/0074,2026-08,8342,351.0,192
NB/0074,2026-09,7339,351.6,202
NB/0075,2025-10,5309,285.7,7
NB/0075,2025-11,4582,820.6,28
NB/0075,2025-12,5088,457.3,14
NB/0075,2026-01,5568,357.4,6
NB/0075,2026-02,5227,401.3,1
NB/0075,2026-03,4928,155.5,20
NB/0075,2026-04,6070,296.8,1
NB/0075,2026-05,5193,877.7,28
NB/0075,2026-06,5741,433.5,19
NB/0075,2026-07,5196,809.4,17
NB/0075,2026-08,5551,926.1,27
NB/0075,2026-09,6228,88.4,10
NB/0076,2025-10,6449,465.9,0
NB/0076,2025-11,7927,149.9,22
NB/0076,2025-12,7104,74.2,16
NB/0076,2026-01,6449,492.9,0
NB/0076,2026-02,7002,326.5,19
NB/0076,2026-03,7095,595.5,9
NB/0076,2026-04,6962,768.6,18
NB/0076,2026-05,6490,434.2,15
NB/0076,2026-06,7238,510.1,21
NB/0076,2026-07,8079,720.7,18
NB/0076,2026-08,7536,988.7,4
NB/0076,2026-09,8577,391.4,21
NB/0077,2025-10,15948,579.0,4
NB/0077,2025-11,13445,833.4,2
NB/0077,2025-12,15744,267.9,7
NB/0077,2026-01,13249,295.2,30
NB/0077,2026-02,13801,403.7,6
NB/0077,2026-03,15271,784.2,4
NB/0077,2026-04,15461,551.2,29
NB/0077,2026-05,14571,954.6,5
NB/0077,2026-06,17839,273.9,15
NB/0077,2026-07,17654,232.0,29
NB/0077,2026-08,18772,917.2,15
NB/0077,2026-09,14637,676.1,25
NB/0078,2025-10,12141,881.9,217
NB/0078,2025-11,11039,818.7,147
NB/0078,2025-12,10742,722.2,208
NB/0078,2026-01,10694,489.4,83
NB/0078,2026-02,9459,486.1,213
NB/0078,2026-03,9369,358.2,71
NB/0078,2026-04,8965,493.4,62
NB/0078,2026-05,6998,25.7,123
NB/0078,2026-06,6556,508.3,76
NB/0078,2026-07,6449,361.5,103
NB/0078,2026-08,5075,270.3,205
NB/0078,2026-09,5853,51.2,37
NB/0079,2025-10,17136,709.5,225
NB/0079,2025-11,20181,407.2,39
NB/0079,2025-12,18966,570.3,129
NB/0079,2026-01,15230,572.4,107
NB/0079,2026-02,15247,226.6,62
NB/0079,2026-03,12595,332.6,237
NB/0079,2026-04,13719,491.4,237
NB/0079,2026-05,13564,262.2,208
NB/0079,2026-06,10983,230.7,7
NB/0079,2026-07,9764,190.3,78
NB/0079,2026-08,8602,396.8,125
NB/0079,2026-09,9487,166.0,54
NB/0080,2025-10,13492,226.9,7
NB/0080,2025-11,14380,166.8,5
NB/0080,2025-12,14469,553.1,27
NB/0080,2026-01,12418,95.0,25
NB/0080,2026-02,15353,158.1,13
NB/0080,2026-03,14438,106.3,25
NB/0080,2026-04,15958,625.6,1
NB/0080,2026-05,12543,188.6,4
NB/0080,2026-06,13952,823.3,21
NB/0080,2026-07,15857,814.8,11
NB/0080,2026-08,15914,106.7,5
NB/0080,2026-09,17099,344.7,1
NB/0081,2025-10,17143,54.8,0
NB/0081,2025-11,21703,191.1,5
NB/0081,2025-12,22372,760.2,15
NB/0081,2026-01,17810,558.4,19
NB/0081,2026-02,22442,86.4,19
NB/0081,2026-03,19248,81.0,19
NB/0081,2026-04,22971,168.0,24
NB/0081,2026-05,22228,111.9,19
NB/0081,2026-06,19412,291.2,12
NB/0081,2026-07,23619,659.7,22
NB/0081,2026-08,21382,460.0,30
NB/0081,2026-09,21812,309.0,22
NB/0082,2025-10,13307,838.8,25
NB/0082,2025-11,15782,295.1,10
NB/0082,2025-12,12707,434.5,22
NB/0082,2026-01,12598,92.6,18
NB/0082,2026-02,15785,156.0,14
NB/0082,2026-03,12718,688.8,9
NB/0082,2026-04,15634,662.7,18
NB/0082,2026-05,13456,474.9,13
NB/0082,2026-06,13066,634.0,30
NB/0082,2026-07,15636,721.4,9
NB/0082,2026-08,16976,225.1,15
NB/0082,2026-09,15853,378.0,12
NB/0083,2025-10,6459,63.0,26
NB/0083,2025-11,7566,244.3,5
NB/0083,2025-12,7557,436.4,30
NB/0083,2026-01,6762,663.4,10
NB/0083,2026-02,6938,767.4,23
NB/0083,2026-03,8108,411.2,10
NB/0083,2026-04,8167,722.2,27
NB/0083,2026-05,7682,28.4,25
NB/0083,2026-06,6578,259.8,2
NB/0083,2026-07,7354,969.8,4
NB/0083,2026-08,6427,157.9,16
NB/0083,2026-09,7753,957.1,29
NB/0084,2025-10,7599,387.7,24
NB/0084,2025-11,6138,340.8,10
NB/0084,2025-12,7924,355.2,0
NB/0084,2026-01,6470,719.9,16
NB/0084,2026-02,6748,156.1,21
NB/0084,2026-03,7839,701.6,16
NB/0084,2026-04,7041,385.6,16
NB/0084,2026-05,8755,598.1,19
NB/0084,2026-06,6996,753.1,23
NB/0084,2026-07,8468,458.2,23
NB/0084,2026-08,8053,302.9,24
NB/0084,2026-09,7807,300.1,0
NB/0085,2025-10,14218,869.3,2
NB/0085,2025-11,13878,800.8,29
NB/0085,2025-12,13969,814.2,18
NB/0085,2026-01,13111,306.3,18
NB/0085,2026-02,13203,263.1,28
NB/0085,2026-03,15202,56.8,7
NB/0085,2026-04,15419,561.8,12
NB/0085,2026-05,13773,521.1,1
NB/0085,2026-06,13706,802.4,7
NB/0085,2026-07,14626,434.3,30
NB/0085,2026-08,13294,799.6,17
NB/0085,2026-09,16819,556.1,13
NB/0086,2025-10,1035,858.3,25
NB/0086,2025-11,1129,720.6,24
NB/0086,2025-12,1087,66.4,18
NB/0086,2026-01,974,620.0,9
NB/0086,2026-02,1166,803.5,29
NB/0086,2026-03,1246,539.1,10
NB/0086,2026-04,990,633.2,0
NB/0086,2026-05,1168,96.4,20
NB/0086,2026-06,1032,477.7,3
NB/0086,2026-07,1002,740.6,8
NB/0086,2026-08,1025,305.0,8
NB/0086,2026-09,1119,907.1,6
NB/0087,2025-10,5625,693.3,9
NB/0087,2025-11,5589,502.2,17
NB/0087,2025-12,6237,88.8,4
NB/0087,2026-01,6723,793.8,0
NB/0087,2026-02,6935,81.2,24
NB/0087,2026-03,6707,893.6,30
NB/0087,2026-04,5622,734.7,10
NB/0087,2026-05,5567,742.7,24
NB/0087,2026-06,6405,507.0,15
NB/0087,2026-07,6720,288.7,2
NB/0087,2026-08,6178,111.1,5
NB/0087,2026-09,6296,207.1,30
NB/0088,2025-10,9289,821.6,158
NB/0088,2025-11,9020,682.2,22
NB/0088,2025-12,8987,146.5,87
NB/0088,2026-01,6642,626.8,136
NB/0088,2026-02,6322,713.7,193
NB/0088,2026-03,6783,34.7,218
NB/0088,2026-04,5888,480.2,26
NB/0088,2026-05,6177,456.8,103
NB/0088,2026-06,4770,112.4,163
NB/0088,2026-07,4761,294.8,178
NB/0088,2026-08,3785,446.9,58
NB/0088,2026-09,4308,378.8,199
NB/0089,2025-10,16986,422.9,82
NB/0089,2025-11,17587,197.2,10
NB/0089,2025-12,14663,189.2,146
NB/0089,2026-01,16453,915.8,239
NB/0089,2026-02,16702,330.8,191
NB/0089,2026-03,19309,916.9,220
NB/0089,2026-04,17507,146.3,24
NB/0089,2026-05,18375,550.0,29
NB/0089,2026-06,18537,471.5,141
NB/0089,2026-07,20911,718.1,87
NB/0089,2026-08,16273,806.9,201
NB/0089,2026-09,20400,331.9,79
NB/0090,2025-10,19848,278.2,27
NB/0090,2025-11,16122,854.8,21
NB/0090,2025-12,21031,143.3,8
NB/0090,2026-01,20407,926.3,8
NB/0090,2026-02,17919,397.9,2
NB/0090,2026-03,21712,357.1,15
NB/0090,2026-04,18082,300.9,0
NB/0090,2026-05,16612,289.9,5
NB/0090,2026-06,20788,848.0,29
NB/0090,2026-07,19875,596.9,3
NB/0090,2026-08,19087,114.1,8
NB/0090,2026-09,21705,333.1,3
NB/0091,2025-10,6632,532.4,20
NB/0091,2025-11,5663,250.2,215
NB/0091,2025-12,6291,615.8,233
NB/0091,2026-01,6105,624.1,140
NB/0091,2026-02,5864,628.7,139
NB/0091,2026-03,4567,379.6,76
NB/0091,2026-04,3994,262.6,238
NB/0091,2026-05,3633,538.6,107
NB/0091,2026-06,3415,188.0,189
NB/0091,2026-07,3086,44.3,150
NB/0091,2026-08,2759,402.2,10
NB/0091,2026-09,2890,152.0,138
NB/0092,2025-10,3718,540.0,17
NB/0092,2025-11,4521,240.2,10
NB/0092,2025-12,3675,602.5,18
NB/0092,2026-01,4370,114.8,25
NB/0092,2026-02,3558,220.7,22
NB/0092,2026-03,3731,702.8,26
NB/0092,2026-04,4705,496.6,13
NB/0092,2026-05,3646,513.8,8
NB/0092,2026-06,4421,715.3,26
NB/0092,2026-07,3953,547.0,1
NB/0092,2026-08,4309,615.6,12
NB/0092,2026-09,4032,537.7,11
NB/0093,2025-10,4820,539.9,233
NB/0093,2025-11,4825,244.2,157
NB/0093,2025-12,4943,116.7,107
NB/0093,2026-01,3908,469.7,0
NB/0093,2026-02,4539,301.5,48
NB/0093,2026-03,3997,471.3,147
NB/0093,2026-04,3145,408.7,30
NB/0093,2026-05,3678,155.3,182
NB/0093,2026-06,2567,539.0,190
NB/0093,2026-07,2358,45.9,101
NB/0093,2026-08,2208,106.0,28
NB/0093,2026-09,2283,267.1,183
NB/0094,2025-10,4537,32.1,3
NB/0094,2025-11,3971,417.6,4
NB/0094,2025-12,4494,725.6,27
NB/0094,2026-01,4085,906.4,12
NB/0094,2026-02,4499,643.4,14
NB/0094,2026-03,4547,813.6,4
NB/0094,2026-04,3991,350.6,27
NB/0094,2026-05,4637,912.9,7
NB/0094,2026-06,4445,923.7,13
NB/0094,2026-07,3891,24.7,14
NB/0094,2026-08,4076,778.4,26
NB/0094,2026-09,3977,470.3,9
NB/0095,2025-10,6992,795.5,4
NB/0095,2025-11,6779,177.6,24
NB/0095,2025-12,6254,725.6,16
NB/0095,2026-01,6430,432.5,9
NB/0095,2026-02,7789,432.0,22
NB/0095,2026-03,8360,796.7,30
NB/0095,2026-04,7359,170.9,7
NB/0095,2026-05,7538,147.1,24
NB/0095,2026-06,7135,483.4,7
NB/0095,2026-07,8967,551.0,20
NB/0095,2026-08,8925,128.3,23
NB/0095,2026-09,7659,271.1,3
NB/0096,2025-10,10427,474.5,9
NB/0096,2025-11,10202,38.2,18
NB/0096,2025-12,10909,116.6,28
NB/0096,2026-01,9056,754.5,24
NB/0096,2026-02,11125,873.2,27
NB/0096,2026-03,10212,759.3,16
NB/0096,2026-04,11232,606.6,16
NB/0096,2026-05,8564,924.0,10
NB/0096,2026-06,10976,753.1,13
NB/0096,2026-07,10461,23.2,6
NB/0096,2026-08,9376,731.2,23
NB/0096,2026-09,11268,267.5,25
NB/0097,2025-10,9653,573.4,21
NB/0097,2025-11,10478,554.9,18
NB/0097,2025-12,9186,361.4,19
NB/0097,2026-01,8809,242.6,1
NB/0097,2026-02,10836,347.4,24
NB/0097,2026-03,9113,329.1,7
NB/0097,2026-04,9767,545.8,22
NB/0097,2026-05,8788,553.6,4
NB/0097,2026-06,9343,845.2,6
NB/0097,2026-07,10155,535.0,23
NB/0097,2026-08,9023,681.2,17
NB/0097,2026-09,10261,154.8,23
NB/0098,2025-10,6893,105.2,65
NB/0098,2025-11,6104,510.1,30
NB/0098,2025-12,7774,527.3,227
NB/0098,2026-01,6303,173.4,87
NB/0098,2026-02,6788,446.7,23
NB/0098,2026-03,6164,537.1,137
NB/0098,2026-04,5659,592.0,61
NB/0098,2026-05,4224,407.1,138
NB/0098,2026-06,4066,411.9,186
NB/0098,2026-07,3527,418.6,209
NB/0098,2026-08,4320,360.1,227
NB/0098,2026-09,3216,44.1,149
NB/0099,2025-10,9035,264.3,109
NB/0099,2025-11,8570,850.9,192
NB/0099,2025-12,8057,645.1,6
NB/0099,2026-01,8846,909.5,146
NB/0099,2026-02,7137,272.7,44
NB/0099,2026-03,9228,237.4,11
NB/0099,2026-04,9087,203.9,53
NB/0099,2026-05,7797,299.2,15
NB/0099,2026-06,9074,236.0,34
NB/0099,2026-07,7507,717.9,185
NB/0099,2026-08,8033,629.1,225
NB/0099,2026-09,9592,837.6,110
NB/0100,2025-10,5855,753.6,40
NB/0100,2025-11,5224,25.4,95
NB/0100,2025-12,4292,156.7,215
NB/0100,2026-01,5266,98.2,195
NB/0100,2026-02,3978,67.5,106
NB/0100,2026-03,3668,166.3,208
NB/0100,2026-04,3491,453.6,182
NB/0100,2026-05,3662,400.3,230
NB/0100,2026-06,3756,486.7,234
NB/0100,2026-07,3126,170.7,115
NB/0100,2026-08,2486,448.8,136
NB/0100,2026-09,2614,94.4,114
NB/0101,2025-10,13003,756.3,14
NB/0101,2025-11,13601,251.5,6
NB/0101,2025-12,16591,737.0,26
NB/0101,2026-01,12715,388.4,12
NB/0101,2026-02,16225,446.2,2
NB/0101,2026-03,16845,127.6,22
NB/0101,2026-04,13575,71.4,23
NB/0101,2026-05,16358,915.5,3
NB/0101,2026-06,15856,396.6,20
NB/0101,2026-07,16100,729.3,4
NB/0101,2026-08,13736,196.0,28
NB/0101,2026-09,14720,145.7,29
NB/0102,2025-10,2168,554.1,28
NB/0102,2025-11,1905,499.3,2
NB/0102,2025-12,2099,502.9,8
NB/0102,2026-01,2068,518.1,26
NB/0102,2026-02,2032,412.2,27
NB/0102,2026-03,2501,150.1,25
NB/0102,2026-04,2100,614.7,16
NB/0102,2026-05,2069,437.9,13
NB/0102,2026-06,2490,541.2,23
NB/0102,2026-07,2541,463.9,21
NB/0102,2026-08,2219,842.1,0
NB/0102,2026-09,2064,33.5,0
NB/0103,2025-10,1433,656.3,2
NB/0103,2025-11,1236,693.5,25
NB/0103,2025-12,1373,93.2,22
NB/0103,2026-01,1208,884.5,3
NB/0103,2026-02,1320,839.3,20
NB/0103,2026-03,1305,748.6,23
NB/0103,2026-04,1563,45.3,4
NB/0103,2026-05,1586,316.0,21
NB/0103,2026-06,1235,890.5,20
NB/0103,2026-07,1320,302.0,5
NB/0103,2026-08,1245,808.8,19
NB/0103,2026-09,1507,549.7,9
NB/0104,2025-10,16703,695.8,4
NB/0104,2025-11,15128,698.6,16
NB/0104,2025-12,17542,58.5,12
NB/0104,2026-01,16931,480.3,14
NB/0104,2026-02,14804,569.2,0
NB/0104,2026-03,18269,839.5,12
NB/0104,2026-04,16772,339.7,11
NB/0104,2026-05,18947,280.4,4
NB/0104,2026-06,17410,556.7,7
NB/0104,2026-07,17614,787.0,16
NB/0104,2026-08,16762,333.3,21
NB/0104,2026-09,15926,325.1,5
NB/0105,2025-10,18675,56.8,22
NB/0105,2025-11,16887,437.7,13
NB/0105,2025-12,18055,388.6,27
NB/0105,2026-01,20667,437.6,11
NB/0105,2026-02,21911,36.4,19
NB/0105,2026-03,22073,901.7,27
NB/0105,2026-04,23184,193.6,2
NB/0105,2026-05,18023,776.6,29
NB/0105,2026-06,18579,393.8,26
NB/0105,2026-07,21328,875.7,29
NB/0105,2026-08,21528,26.8,20
NB/0105,2026-09,23042,962.0,20
NB/0106,2025-10,6403,436.8,28
NB/0106,2025-11,7201,478.5,12
NB/0106,2025-12,6861,188.9,20
NB/0106,2026-01,5653,263.3,4
NB/0106,2026-02,6907,150.3,12
NB/0106,2026-03,6866,293.7,5
NB/0106,2026-04,6736,623.0,21
NB/0106,2026-05,7223,405.2,5
NB/0106,2026-06,5838,857.4,24
NB/0106,2026-07,7330,375.0,23
NB/0106,2026-08,7664,439.1,3
NB/0106,2026-09,6608,782.4,2
NB/0107,2025-10,17388,743.4,9
NB/0107,2025-11,17903,581.6,5
NB/0107,2025-12,15254,693.9,24
NB/0107,2026-01,15094,812.3,5
NB/0107,2026-02,15790,230.5,21
NB/0107,2026-03,15773,523.2,5
NB/0107,2026-04,15550,916.0,29
NB/0107,2026-05,17882,651.0,15
NB/0107,2026-06,16266,412.4,8
NB/0107,2026-07,18900,513.9,30
NB/0107,2026-08,18824,511.0,29
NB/0107,2026-09,14870,242.8,3
NB/0108,2025-10,11594,633.7,16
NB/0108,2025-11,11471,893.3,10
NB/0108,2025-12,13688,140.9,19
NB/0108,2026-01,14235,76.4,22
NB/0108,2026-02,12445,285.9,20
NB/0108,2026-03,11446,809.1,7
NB/0108,2026-04,12143,222.8,24
NB/0108,2026-05,14756,204.4,16
NB/0108,2026-06,12588,321.0,22
NB/0108,2026-07,12148,720.5,25
NB/0108,2026-08,12339,120.9,3
NB/0108,2026-09,14837,466.4,14
NB/0109,2025-10,4615,553.7,6
NB/0109,2025-11,4243,101.5,21
NB/0109,2025-12,4225,215.0,12
NB/0109,2026-01,4894,926.5,1
NB/0109,2026-02,5280,803.1,23
NB/0109,2026-03,4175,98.5,24
NB/0109,2026-04,4990,492.2,24
NB/0109,2026-05,5548,954.9,3
NB/0109,2026-06,4862,497.4,13
NB/0109,2026-07,5380,712.7,16
NB/0109,2026-08,5599,32.3,5
NB/0109,2026-09,4614,48.2,25
NB/0110,2025-10,1500,314.4,106
NB/0110,2025-11,1228,125.9,152
NB/0110,2025-12,1326,28.4,176
NB/0110,2026-01,1197,370.3,179
NB/0110,2026-02,1169,529.4,210
NB/0110,2026-03,1254,94.0,185
NB/0110,2026-04,1149,578.7,225
NB/0110,2026-05,985,135.2,94
NB/0110,2026-06,906,194.6,226
NB/0110,2026-07,697,161.6,18
NB/0110,2026-08,799,393.2,163
NB/0110,2026-09,712,122.6,138
NB/0111,2025-10,9247,369.4,122
NB/0111,2025-11,9697,43.6,35
NB/0111,2025-12,11068,386.0,43
NB/0111,2026-01,11358,163.5,55
NB/0111,2026-02,10814,483.8,18
NB/0111,2026-03,9755,275.1,86
NB/0111,2026-04,10418,107.2,239
NB/0111,2026-05,9282,723.8,187
NB/0111,2026-06,10209,515.5,104
NB/0111,2026-07,12434,62.9,93
NB/0111,2026-08,11517,775.1,86
NB/0111,2026-09,10304,936.1,109
NB/0112,2025-10,16831,674.5,16
NB/0112,2025-11,15780,123.8,4
NB/0112,2025-12,14729,780.3,30
NB/0112,2026-01,13119,195.5,1
NB/0112,2026-02,15449,206.8,12
NB/0112,2026-03,15029,582.3,26
NB/0112,2026-04,17395,46.6,4
NB/0112,2026-05,16676,89.8,30
NB/0112,2026-06,17120,116.6,5
NB/0112,2026-07,17387,265.5,10
NB/0112,2026-08,15539,813.2,16
NB/0112,2026-09,16637,448.3,3
NB/0113,2025-10,17026,447.0,24
NB/0113,2025-11,16874,822.3,19
NB/0113,2025-12,15281,491.2,8
NB/0113,2026-01,15834,893.6,3
NB/0113,2026-02,15741,841.1,0
NB/0113,2026-03,18743,931.3,24
NB/0113,2026-04,15793,299.6,15
NB/0113,2026-05,19464,880.8,23
NB/0113,2026-06,19810,151.3,1
NB/0113,2026-07,16336,640.6,19
NB/0113,2026-08,19257,73.7,21
NB/0113,2026-09,17502,697.3,0
NB/0114,2025-10,2060,894.0,18
NB/0114,2025-11,2205,734.2,9
NB/0114,2025-12,2143,859.6,22
NB/0114,2026-01,2432,919.7,18
NB/0114,2026-02,2335,389.5,19
NB/0114,2026-03,2292,597.4,20
NB/0114,2026-04,2127,603.7,25
NB/0114,2026-05,2117,756.3,9
NB/0114,2026-06,2440,631.5,24
NB/0114,2026-07,2308,721.8,21
NB/0114,2026-08,2438,848.9,2
NB/0114,2026-09,2548,310.9,17
NB/0115,2025-10,12796,580.4,145
NB/0115,2025-11,10977,295.2,26
NB/0115,2025-12,10555,629.7,227
NB/0115,2026-01,10017,479.9,219
NB/0115,2026-02,9082,139.3,48
NB/0115,2026-03,8272,568.9,206
NB/0115,2026-04,9587,195.4,36
NB/0115,2026-05,8797,258.9,144
NB/0115,2026-06,7634,507.0,104
NB/0115,2026-07,7126,22.1,142
NB/0115,2026-08,6198,185.1,30
NB/0115,2026-09,5552,174.4,228
NB/0116,2025-10,1563,173.0,55
NB/0116,2025-11,1343,807.4,185
NB/0116,2025-12,1239,498.5,83
NB/0116,2026-01,1340,467.6,92
NB/0116,2026-02,1254,648.6,133
NB/0116,2026-03,1003,607.1,193
NB/0116,2026-04,898,518.4,72
NB/0116,2026-05,1070,526.2,104
NB/0116,2026-06,1004,74.2,36
NB/0116,2026-07,924,285.1,111
NB/0116,2026-08,714,251.7,217
NB/0116,2026-09,732,169.9,195
NB/0117,2025-10,12417,149.0,21
NB/0117,2025-11,11507,716.7,12
NB/0117,2025-12,12772,329.8,20
NB/0117,2026-01,11004,772.2,0
NB/0117,2026-02,12980,761.0,3
NB/0117,2026-03,13530,654.6,4
NB/0117,2026-04,14027,774.2,10
NB/0117,2026-05,13393,944.6,24
NB/0117,2026-06,11726,823.1,24
NB/0117,2026-07,12423,541.2,7
NB/0117,2026-08,13833,770.4,27
NB/0117,2026-09,13638,633.7,1
NB/0118,2025-10,1611,164.5,192
NB/0118,2025-11,1276,24.4,218
NB/0118,2025-12,1323,493.5,232
NB/0118,2026-01,1389,63.8,14
NB/0118,2026-02,1037,705.7,99
NB/0118,2026-03,1100,64.5,171
NB/0118,2026-04,931,390.9,210
NB/0118,2026-05,1086,501.7,12
NB/0118,2026-06,996,210.1,14
NB/0118,2026-07,832,146.2,75
NB/0118,2026-08,761,42.2,188
NB/0118,2026-09,623,188.4,198
NB/0119,2025-10,6992,479.2,27
NB/0119,2025-11,6526,414.2,13
NB/0119,2025-12,6677,65.5,11
NB/0119,2026-01,5950,274.2,0
NB/0119,2026-02,7336,424.1,19
NB/0119,2026-03,6187,171.0,22
NB/0119,2026-04,7572,847.1,23
NB/0119,2026-05,6551,834.0,21
NB/0119,2026-06,6054,152.0,0
NB/0119,2026-07,6987,110.1,27
NB/0119,2026-08,6920,627.4,15
NB/0119,2026-09,7887,923.9,5
NB/0120,2025-10,20164,549.6,24
NB/0120,2025-11,20818,40.4,29
NB/0120,2025-12,19547,499.3,2
NB/0120,2026-01,22362,200.5,14
NB/0120,2026-02,18197,878.6,30
NB/0120,2026-03,22563,351.7,29
NB/0120,2026-04,18179,342.8,30
NB/0120,2026-05,19756,461.3,29
NB/0120,2026-06,17954,31.7,27
NB/0120,2026-07,23826,892.4,21
NB/0120,2026-08,18428,605.6,0
NB/0120,2026-09,20358,236.0,13
